{
  "camera_matrix_parameters": {
    "vision_bottom": {
      "extrinsic_rotations": [
        0.21364152431488037,
        2.9695987701416016,
        0.368766188621521
      ]
    },
    "vision_top": {
      "extrinsic_rotations": [
        -0.5367225408554077,
        2.631442070007324,
        -1.1724060773849487
      ]
    }
  }
}
